{
	 "rootnode": {
		 "name": "RootNode"
		,"transformation": [
			 1
			,0
			,0
			,0
			,0
			,1
			,0
			,0
			,0
			,0
			,1
			,0
			,0
			,0
			,0
			,1
		]
		,"children": [
			{
				 "name": "Cube"
				,"transformation": [
					 100
					,0
					,0
					,0
					,0
					,-1.62921e-005
					,100
					,0
					,0
					,-100
					,-1.62921e-005
					,0
					,0
					,0
					,0
					,1
				]
				,"meshes": [
					 0
				]
			}
			,{
				 "name": "Lamp"
				,"transformation": [
					 -29.0865
					,56.6393
					,77.1101
					,407.625
					,-5.5189
					,79.4672
					,-60.4525
					,590.386
					,-95.5171
					,-21.8391
					,-19.9883
					,-100.545
					,0
					,0
					,0
					,1
				]
			}
			,{
				 "name": "Camera"
				,"transformation": [
					 -65.1558
					,-32.4013
					,68.5921
					,748.113
					,-44.5271
					,89.5396
					,-1.19209e-005
					,534.367
					,-61.417
					,-30.5421
					,-72.7676
					,650.764
					,0
					,0
					,0
					,1
				]
			}
		]
	}
	,"flags": 8
	,"meshes": [
		{
			 "name": "Cube"
			,"materialindex": 0
			,"primitivetypes": 4
			,"vertices": [
				 1
				,1
				,-0.525295
				,1
				,-1
				,-0.525295
				,-1
				,-1
				,-0.525295
				,-1
				,1
				,-0.525295
				,1
				,0.999999
				,1.47471
				,-1
				,1
				,1.47471
				,-1
				,-1
				,1.47471
				,-3.58354
				,-0.0631801
				,1.9119
				,1
				,1
				,-0.525295
				,1
				,0.999999
				,1.47471
				,-3.58354
				,-0.0631801
				,1.9119
				,1
				,-1
				,-0.525295
				,1
				,-1
				,-0.525295
				,-3.58354
				,-0.0631801
				,1.9119
				,-1
				,-1
				,1.47471
				,-1
				,-1
				,-0.525295
				,-1
				,-1
				,-0.525295
				,-1
				,-1
				,1.47471
				,-1
				,1
				,1.47471
				,-1
				,1
				,-0.525295
				,1
				,0.999999
				,1.47471
				,1
				,1
				,-0.525295
				,-1
				,1
				,-0.525295
				,-1
				,1
				,1.47471
			]
			,"normals": [
				 0
				,0
				,-1
				,0
				,0
				,-1
				,0
				,0
				,-1
				,0
				,0
				,-1
				,-0.266377
				,0.266378
				,-0.926329
				,-0.266377
				,0.266378
				,-0.926329
				,-0.266377
				,0.266378
				,-0.926329
				,-0.266377
				,0.266378
				,-0.926329
				,0.475153
				,-0.622186
				,0.622185
				,0.475153
				,-0.622186
				,0.622185
				,0.475153
				,-0.622186
				,0.622185
				,0.475153
				,-0.622186
				,0.622185
				,0.702832
				,0.10979
				,0.702832
				,0.702832
				,0.10979
				,0.702832
				,0.702832
				,0.10979
				,0.702832
				,0.702832
				,0.10979
				,0.702832
				,-1
				,2.38419e-007
				,-1.3411e-007
				,-1
				,2.38419e-007
				,-1.3411e-007
				,-1
				,2.38419e-007
				,-1.3411e-007
				,-1
				,2.38419e-007
				,-1.3411e-007
				,2.38419e-007
				,1
				,1.63913e-007
				,2.38419e-007
				,1
				,1.63913e-007
				,2.38419e-007
				,1
				,1.63913e-007
				,2.38419e-007
				,1
				,1.63913e-007
			]
			,"faces": [
				[
					 0
					,1
					,2
				]
				,[
					 0
					,2
					,3
				]
				,[
					 5
					,7
					,4
				]
				,[
					 5
					,6
					,7
				]
				,[
					 8
					,9
					,10
				]
				,[
					 8
					,10
					,11
				]
				,[
					 14
					,15
					,12
				]
				,[
					 14
					,12
					,13
				]
				,[
					 16
					,17
					,18
				]
				,[
					 16
					,18
					,19
				]
				,[
					 20
					,21
					,22
				]
				,[
					 20
					,22
					,23
				]
			]
		}
	]
	,"materials": [
		{
			 "properties": [
				{
					 "key": "?mat.name"
					,"semantic": 0
					,"index": 0
					,"type": 3
					,"value": "Material"
				}
				,{
					 "key": "$clr.diffuse"
					,"semantic": 0
					,"index": 0
					,"type": 1
					,"value": [
						 0.64
						,0.64
						,0.64
					]
				}
				,{
					 "key": "$clr.emissive"
					,"semantic": 0
					,"index": 0
					,"type": 1
					,"value": [
						 0
						,0
						,0
					]
				}
				,{
					 "key": "$clr.ambient"
					,"semantic": 0
					,"index": 0
					,"type": 1
					,"value": [
						 0
						,0
						,0
					]
				}
				,{
					 "key": "$clr.specular"
					,"semantic": 0
					,"index": 0
					,"type": 1
					,"value": [
						 0.25
						,0.25
						,0.25
					]
				}
				,{
					 "key": "$mat.shinpercent"
					,"semantic": 0
					,"index": 0
					,"type": 1
					,"value": 9.60784
				}
				,{
					 "key": "$mat.shininess"
					,"semantic": 0
					,"index": 0
					,"type": 1
					,"value": 9.60784
				}
			]
		}
	]
	,"lights": [
		{
			 "name": "Lamp"
			,"type": 2
			,"attenuationconstant": 0
			,"attenuationlinear": 1
			,"attenuationquadratic": 1
			,"diffusecolor": [
				 100
				,100
				,100
			]
			,"specularcolor": [
				 100
				,100
				,100
			]
			,"ambientcolor": [
				 0
				,0
				,0
			]
			,"position": [
				 0
				,0
				,0
			]
		}
	]
	,"cameras": [
		{
			 "name": "Camera"
			,"aspect": 1920
			,"clipplanefar": 1000
			,"clipplanenear": 0.1
			,"horizontalfov": 0.0174533
			,"up": [
				 0
				,1
				,0
			]
			,"lookat": [
				 -0.685913
				,0
				,0.727661
			]
		}
	]
}
